slide_id,wsi_path
TCGA-2Y-A9H9-01Z-00-DX1,/data3/chensx/tcga_data/81770ce5-17e1-4ca7-9016-a1cf03225711/TCGA-2Y-A9H9-01Z-00-DX1.4C1CCB4D-6011-4275-B562-28BFFA5F0C7F.svs
TCGA-BC-A8YO-01Z-00-DX1,/data3/chensx/tcga_data/f7cf0253-5538-41f5-be2a-603f0a31ba43/TCGA-BC-A8YO-01Z-00-DX1.F5E0326A-43A6-4DCC-A331-335740E30D19.svs
TCGA-BC-A10S-01Z-00-DX1,/data3/chensx/tcga_data/3ea90a0a-0403-4675-8885-e5cb29418fec/TCGA-BC-A10S-01Z-00-DX1.46F51037-D467-4D86-BF3E-9C0266EF556B.svs
TCGA-DD-AACW-01Z-00-DX1,/data3/chensx/tcga_data/c19ec085-939d-4b1b-acde-4e0d83e39925/TCGA-DD-AACW-01Z-00-DX1.F0C8F75B-22C5-4811-BF2E-87BD69C279A8.svs
TCGA-DD-AACS-01Z-00-DX1,/data3/chensx/tcga_data/f311a802-8000-40d7-9dff-30a79321516e/TCGA-DD-AACS-01Z-00-DX1.DFB091A6-3B50-48E3-90A9-FEAE4D45DEA0.svs
TCGA-DD-AADG-01Z-00-DX1,/data3/chensx/tcga_data/31c72adf-d8ac-4c99-9885-a88b4f806675/TCGA-DD-AADG-01Z-00-DX1.0E38633E-5352-4190-9D58-82753F7BA25E.svs
TCGA-NI-A4U2-01Z-00-DX1,/data3/chensx/tcga_data/5a5a1196-fce0-48e2-b7bf-002482000e73/TCGA-NI-A4U2-01Z-00-DX1.5D27F214-BD72-42E6-A177-D8F47479B9D2.svs
TCGA-DD-A4NA-01Z-00-DX1,/data3/chensx/tcga_data/e1e62448-9989-4ff0-b838-8fd09b47947f/TCGA-DD-A4NA-01Z-00-DX1.A193ECEA-57FB-4313-9D45-47509B1B502E.svs
TCGA-DD-AAVY-01Z-00-DX1,/data3/chensx/tcga_data/a0fa7a13-2642-4844-b362-dadfb9d817cc/TCGA-DD-AAVY-01Z-00-DX1.2EA5B700-35D7-49C6-AA0D-C45AF6DEE9C6.svs
TCGA-DD-A1EH-01Z-00-DX1,/data3/chensx/tcga_data/bed8b6ea-3e79-4a4f-ab99-6cc0f9a26a1f/TCGA-DD-A1EH-01Z-00-DX1.C5B4987E-D0B6-4E50-B3FE-4CF82BFB6353.svs
TCGA-G3-AAV1-01Z-00-DX1,/data3/chensx/tcga_data/544037cc-c1b0-4067-960e-622aac5c1e5a/TCGA-G3-AAV1-01Z-00-DX1.BDCF7880-B1B3-4235-8B2E-755EF16A43D5.svs
TCGA-FV-A4ZP-01Z-00-DX1,/data3/chensx/tcga_data/fb4d2229-8813-42ec-b9be-cb9b038f5ab9/TCGA-FV-A4ZP-01Z-00-DX1.4B78C21C-8033-4870-82D9-5B127D3AF228.svs
TCGA-2Y-A9GU-01Z-00-DX1,/data3/chensx/tcga_data/25214422-d189-4106-8b17-4c16db808701/TCGA-2Y-A9GU-01Z-00-DX1.700CBBD7-9F58-470D-A85B-C7BAE5608018.svs
TCGA-DD-AADK-01Z-00-DX1,/data3/chensx/tcga_data/c8202702-5425-43df-bbaf-dfcbc41ad7b2/TCGA-DD-AADK-01Z-00-DX1.85C2C328-8124-443A-A869-FEBA46EC6A20.svs
TCGA-DD-AAD3-01Z-00-DX1,/data3/chensx/tcga_data/ff2eb321-6248-4081-a318-1fddfd3366c8/TCGA-DD-AAD3-01Z-00-DX1.DB86DCF0-4571-4E47-BDA5-FFD44D7D950E.svs
TCGA-DD-A114-01Z-00-DX1,/data3/chensx/tcga_data/e94b286e-3c28-4e62-8579-118e8c9c2f6d/TCGA-DD-A114-01Z-00-DX1.2A8C5243-29C4-419D-8FD0-C41D06F22972.svs
TCGA-DD-AACC-01Z-00-DX1,/data3/chensx/tcga_data/5555cbe9-359b-4a72-9d4c-b71fbc1ff014/TCGA-DD-AACC-01Z-00-DX1.5B3061BB-6716-4253-8510-4D553CBF58A9.svs
TCGA-FV-A23B-01Z-00-DX1,/data3/chensx/tcga_data/7aa08750-9729-4463-8313-0ab090758bc7/TCGA-FV-A23B-01Z-00-DX1.695CFE2D-10E2-4909-8837-454CF20C9B3F.svs
TCGA-RG-A7D4-01Z-00-DX1,/data3/chensx/tcga_data/fb7c5ac0-4d5b-4f7b-8b43-e7ef7b7207f5/TCGA-RG-A7D4-01Z-00-DX1.B0C04199-EBD0-4E2A-AA37-F2D133A2C02D.svs
TCGA-DD-AADE-01Z-00-DX1,/data3/chensx/tcga_data/87caf2ce-cf91-45a6-9e3e-315029185ce0/TCGA-DD-AADE-01Z-00-DX1.14841AC8-8CB5-49CE-8E6D-CCFB921C1EBA.svs
TCGA-2Y-A9H1-01Z-00-DX1,/data3/chensx/tcga_data/9ca415d8-7776-4ad3-8bba-eb49562286d9/TCGA-2Y-A9H1-01Z-00-DX1.FE4D124E-AB92-4083-8D09-F025B0C637EB.svs
TCGA-MI-A75I-01Z-00-DX1,/data3/chensx/tcga_data/c8364f82-3b5d-488f-a325-73df6cfc9aba/TCGA-MI-A75I-01Z-00-DX1.63CB4BDB-4924-45EE-9F4D-94869FB1E2E5.svs
TCGA-DD-A3A6-01Z-00-DX1,/data3/chensx/tcga_data/65aaaa75-f8ae-4e2c-aaa0-0f3464ca73cf/TCGA-DD-A3A6-01Z-00-DX1.FCF4A7E7-A0F9-4B5D-B751-D990703EA261.svs
TCGA-UB-A7MA-01Z-00-DX1,/data3/chensx/tcga_data/188f9524-fe8f-4f68-8197-23c498231f2c/TCGA-UB-A7MA-01Z-00-DX1.13804B83-8203-4A32-B8DE-5D1823EEC027.svs
TCGA-ZP-A9CY-01Z-00-DX1,/data3/chensx/tcga_data/cf7dcf14-0eee-4132-970f-fcd48a71af84/TCGA-ZP-A9CY-01Z-00-DX1.354CE6BB-6B8E-460E-9879-FA5408BBF87B.svs
TCGA-XR-A8TE-01Z-00-DX1,/data3/chensx/tcga_data/206a8f47-80e7-42bf-9087-ce61862a33a5/TCGA-XR-A8TE-01Z-00-DX1.BAA09A5C-74E3-4BF2-B08F-743886222E1B.svs
TCGA-DD-A39X-01Z-00-DX1,/data3/chensx/tcga_data/d0ddfffe-e551-4aad-ad8c-7781ffefcec1/TCGA-DD-A39X-01Z-00-DX1.0EA1A820-244A-42CE-B9AC-51946FA79B07.svs
TCGA-DD-A4NV-01Z-00-DX1,/data3/chensx/tcga_data/cd2b8bf3-24eb-447a-9254-a946a831706b/TCGA-DD-A4NV-01Z-00-DX1.E8306B87-3CBA-4FF8-90B2-9404CBF8941B.svs
TCGA-ZS-A9CD-01Z-00-DX1,/data3/chensx/tcga_data/31c971e4-5e68-4c6d-9aab-ad67bfc36c38/TCGA-ZS-A9CD-01Z-00-DX1.1E5C1B05-C126-4565-A951-18106BFDB0B8.svs
TCGA-DD-AAVZ-01Z-00-DX1,/data3/chensx/tcga_data/3c370375-8117-440f-bccd-89022c16a4af/TCGA-DD-AAVZ-01Z-00-DX1.8C021D9A-1613-41C4-86CD-5E16402FFB49.svs
TCGA-DD-A39X-01Z-00-DX2,/data3/chensx/tcga_data/f3f83ef3-aecd-4252-bc7e-44da89db41e9/TCGA-DD-A39X-01Z-00-DX2.AFC0C74E-529E-4B33-961C-C96AE16C9CFB.svs
TCGA-DD-AADA-01Z-00-DX1,/data3/chensx/tcga_data/3127c2d2-4c7a-4eb1-994a-37f468d527e6/TCGA-DD-AADA-01Z-00-DX1.9008B43F-5955-44BB-9CDE-0294750C6F09.svs
TCGA-BC-A10U-01Z-00-DX1,/data3/chensx/tcga_data/e9678445-2e22-44a5-af86-a48089f0c7bc/TCGA-BC-A10U-01Z-00-DX1.6EF0CB11-CB54-4469-B5C8-2C21B733A138.svs
TCGA-DD-AACO-01Z-00-DX1,/data3/chensx/tcga_data/f8c5a1ac-093d-47d2-8a98-60b274fe479e/TCGA-DD-AACO-01Z-00-DX1.4A6AC96F-3D2B-440A-BB82-693EAF4EC51F.svs
TCGA-G3-A25X-01Z-00-DX1,/data3/chensx/tcga_data/7bec7526-4c83-48fb-a365-57c46048bde8/TCGA-G3-A25X-01Z-00-DX1.DFFE8026-F75F-4AB6-962B-D3970A720E8C.svs
TCGA-DD-A1EB-01Z-00-DX1,/data3/chensx/tcga_data/9da3709d-6e3f-42e9-8391-63222151f804/TCGA-DD-A1EB-01Z-00-DX1.705C4FB1-00CA-4726-9589-1F745FCC9729.svs
TCGA-BC-A110-01Z-00-DX1,/data3/chensx/tcga_data/972a27ea-902e-4e61-a3aa-c96732dfb3e9/TCGA-BC-A110-01Z-00-DX1.E46C2B24-A159-4970-82B8-8F6CD60FDFB0.svs
TCGA-ZP-A9D2-01Z-00-DX1,/data3/chensx/tcga_data/77ac6250-b4f3-4a8b-8f09-a856aa097aea/TCGA-ZP-A9D2-01Z-00-DX1.2C34922F-2CC1-46DE-B98B-24FA96351803.svs
TCGA-DD-AACT-01Z-00-DX1,/data3/chensx/tcga_data/226819ac-0c00-4851-86d3-946a590d64dc/TCGA-DD-AACT-01Z-00-DX1.F9E5C035-69A2-475C-861B-6C810D9BBCE3.svs
TCGA-G3-A25T-01Z-00-DX1,/data3/chensx/tcga_data/0785ddcb-0022-4053-b90b-292f5c19526c/TCGA-G3-A25T-01Z-00-DX1.CCF8DDAC-E0D7-477E-AF10-633A71C7D046.svs
TCGA-DD-AAD5-01Z-00-DX1,/data3/chensx/tcga_data/c82f77d5-96e8-4417-8501-0de2ad66f904/TCGA-DD-AAD5-01Z-00-DX1.3BFFFADC-EED3-44D3-8FA8-C31BB0D6DF91.svs
TCGA-DD-AAW1-01Z-00-DX1,/data3/chensx/tcga_data/423614fa-4c66-4603-8258-d02084dc4205/TCGA-DD-AAW1-01Z-00-DX1.60B3D3BB-18B3-4C01-B750-76BFCB1816D6.svs
TCGA-RC-A7SH-01Z-00-DX1,/data3/chensx/tcga_data/b39dec12-1ba9-4d67-a708-9b184abd9fc9/TCGA-RC-A7SH-01Z-00-DX1.96A1F4A5-ACE6-4EE6-9D41-9018F235A629.svs
TCGA-G3-A5SJ-01Z-00-DX1,/data3/chensx/tcga_data/23785517-2ff4-4733-afad-5b254e31dc6c/TCGA-G3-A5SJ-01Z-00-DX1.9218552C-F326-4B10-BCBA-031B32E8F905.svs
TCGA-DD-AAEI-01Z-00-DX1,/data3/chensx/tcga_data/80e99335-31ad-4c25-a03b-f797fde4919d/TCGA-DD-AAEI-01Z-00-DX1.9EAE527E-FF17-447F-8D7B-6D69A4947029.svs
TCGA-DD-A4NH-01Z-00-DX1,/data3/chensx/tcga_data/5eb6f9c0-86a3-4712-9953-6445c126b1dd/TCGA-DD-A4NH-01Z-00-DX1.CBB24A69-786B-4979-8140-D194A9EEDFF1.svs
TCGA-DD-A3A9-01Z-00-DX1,/data3/chensx/tcga_data/513d6367-82b2-4bf1-869b-fa986e44fd37/TCGA-DD-A3A9-01Z-00-DX1.BC4A83DE-516A-4C64-9E86-834E8CFD6135.svs
TCGA-DD-A115-01Z-00-DX1,/data3/chensx/tcga_data/1b4e76df-d337-4293-b4f5-2623e39831ed/TCGA-DD-A115-01Z-00-DX1.4F34B908-9F29-48E7-A0AD-B12A6D2A46EF.svs
TCGA-DD-A73B-01Z-00-DX1,/data3/chensx/tcga_data/fa9e068f-f195-4cf9-90f3-e67fe90a2f65/TCGA-DD-A73B-01Z-00-DX1.11B9A0BD-56CF-48C7-AC39-ABC5D22F0D94.svs
TCGA-WX-AA44-01Z-00-DX1,/data3/chensx/tcga_data/c1861916-4727-406b-a614-cedf9c1a11ca/TCGA-WX-AA44-01Z-00-DX1.D84D45E0-A55B-4220-BD44-E0185D690FDF.svs
TCGA-BW-A5NP-01Z-00-DX1,/data3/chensx/tcga_data/8b9d99e7-151e-4432-a605-e6270b84f9e2/TCGA-BW-A5NP-01Z-00-DX1.904A8D68-1AF5-4E99-A420-5D6E951ABB9D.svs
TCGA-DD-A73F-01Z-00-DX1,/data3/chensx/tcga_data/d7e87a37-b0e2-401f-a2d5-d18020e6ee3b/TCGA-DD-A73F-01Z-00-DX1.94618B17-5501-4011-A634-A0669DDCCD2E.svs
TCGA-DD-AACV-01Z-00-DX1,/data3/chensx/tcga_data/aae27994-c780-4cbe-8a05-af24ca125566/TCGA-DD-AACV-01Z-00-DX1.3DD4E0CF-16BB-4019-827B-632A6026C1F7.svs
TCGA-4R-AA8I-01Z-00-DX1,/data3/chensx/tcga_data/a0389f42-258f-41fe-90c3-34d224f3c90b/TCGA-4R-AA8I-01Z-00-DX1.99273858-6CCB-4AD3-8FFF-9E47293F0CD6.svs
TCGA-DD-AACU-01Z-00-DX1,/data3/chensx/tcga_data/86cdd3f5-e8b8-4309-b567-1bb486400853/TCGA-DD-AACU-01Z-00-DX1.6E322E50-8576-4D09-9480-1D2880317178.svs
TCGA-DD-A116-01Z-00-DX1,/data3/chensx/tcga_data/2bb88812-dd71-47b3-ad63-2a97114a2cab/TCGA-DD-A116-01Z-00-DX1.F6DC69B0-57AB-483D-9087-909B72028803.svs
TCGA-RC-A7SK-01Z-00-DX1,/data3/chensx/tcga_data/1824add8-3e0e-4604-8af8-ef9c245b89f7/TCGA-RC-A7SK-01Z-00-DX1.CFA752EE-2F7E-4185-ACCE-AFC394FEF5EC.svs
TCGA-DD-A113-01Z-00-DX1,/data3/chensx/tcga_data/a75e885a-d5b2-42a2-8e14-a6f9c5beb556/TCGA-DD-A113-01Z-00-DX1.026FB7DE-F04F-4839-9A44-170B806E3415.svs
TCGA-2Y-A9GZ-01Z-00-DX1,/data3/chensx/tcga_data/a14c4110-b51d-4ae8-90f2-86575d38b6b5/TCGA-2Y-A9GZ-01Z-00-DX1.4E8C9A7D-D21D-4B6E-8C1B-DC520309AB91.svs
TCGA-DD-AACQ-01Z-00-DX1,/data3/chensx/tcga_data/b5d2bf32-4d6d-4889-b783-0939593b7a7e/TCGA-DD-AACQ-01Z-00-DX1.4C609D72-77F6-416E-AC21-40FD85E83D7A.svs
TCGA-G3-A5SI-01Z-00-DX1,/data3/chensx/tcga_data/32f01a51-aee0-419c-aaff-299142f89cb6/TCGA-G3-A5SI-01Z-00-DX1.B9F9513E-0585-48A5-B698-6084A1FC7A3B.svs
TCGA-DD-AAVW-01Z-00-DX1,/data3/chensx/tcga_data/7bc7a562-2030-4812-b966-5b82e620a495/TCGA-DD-AAVW-01Z-00-DX1.3EFC0BF5-1FA7-403F-A2EA-34071D8D7D6B.svs
TCGA-XR-A8TF-01Z-00-DX1,/data3/chensx/tcga_data/c2dc117d-5357-4817-8f74-fbbbe37c03a6/TCGA-XR-A8TF-01Z-00-DX1.EE03EEDB-8F11-4E03-80FC-EFDE81F08B15.svs
TCGA-K7-AAU7-01Z-00-DX1,/data3/chensx/tcga_data/0453a8cd-d5fc-4ee9-b0df-8828f42d6545/TCGA-K7-AAU7-01Z-00-DX1.70CA5190-7978-4BC5-851B-7B31D20116BC.svs
TCGA-BC-A10Q-01Z-00-DX1,/data3/chensx/tcga_data/3ee41a62-fe38-4e93-a385-6a53aa72ec19/TCGA-BC-A10Q-01Z-00-DX1.A2D1E6CD-73DA-49FF-B291-5A4FDB32808A.svs
TCGA-DD-AACD-01Z-00-DX1,/data3/chensx/tcga_data/437d9f74-12c5-4e9b-96d9-a428494510ad/TCGA-DD-AACD-01Z-00-DX1.1EA42A70-D453-4F92-AD7A-E2462696C985.svs
TCGA-DD-A1EJ-01Z-00-DX1,/data3/chensx/tcga_data/36b89711-73ce-46ab-8891-1af9f4744e55/TCGA-DD-A1EJ-01Z-00-DX1.1324C4D5-669E-4168-9F93-01480E2367F3.svs
TCGA-BC-A216-01Z-00-DX1,/data3/chensx/tcga_data/4a2ea374-bf44-4b94-bac2-1c156c1ae1a1/TCGA-BC-A216-01Z-00-DX1.6B5FFDF4-3E96-4B6A-8E1E-F4567CA04FCE.svs
TCGA-DD-A73B-01Z-00-DX2,/data3/chensx/tcga_data/fb434ad0-8d73-423e-b7db-78141aa8a9cd/TCGA-DD-A73B-01Z-00-DX2.F113B65F-8273-4469-87CF-C0CF5637D530.svs
TCGA-BC-4072-01Z-00-DX1,/data3/chensx/tcga_data/72b95949-51ae-46fd-b87a-40dd3c02f214/TCGA-BC-4072-01Z-00-DX1.8D27B669-CD01-4018-828E-1B87AA1649B5.svs
TCGA-DD-A3A7-01Z-00-DX1,/data3/chensx/tcga_data/1d79b66d-50d7-4bd6-9533-bad19c1c24b1/TCGA-DD-A3A7-01Z-00-DX1.06874442-70F2-4A3D-BF0D-BD8DC1F13A75.svs
TCGA-DD-AACF-01Z-00-DX1,/data3/chensx/tcga_data/e643c851-de12-4a67-8be1-1b0865d0af84/TCGA-DD-AACF-01Z-00-DX1.BD96578C-CE52-4FFB-A320-00A2C6C1596B.svs
TCGA-ZS-A9CF-01Z-00-DX1,/data3/chensx/tcga_data/5fe4ee43-d597-42af-aa08-6576e5d0c60b/TCGA-ZS-A9CF-01Z-00-DX1.34B7DB68-24A7-46A0-B7D6-EE3344D4919A.svs
TCGA-DD-A1EA-01Z-00-DX1,/data3/chensx/tcga_data/864a594e-33dd-4376-8afb-178d0c103d40/TCGA-DD-A1EA-01Z-00-DX1.7B151113-D27D-44F0-9E58-2046DAA83810.svs
TCGA-DD-A1E9-01Z-00-DX1,/data3/chensx/tcga_data/6e746907-9369-480f-b4a0-1f7728719bcb/TCGA-DD-A1E9-01Z-00-DX1.A32027D8-C459-4EC4-815E-A75F728D1EA7.svs
TCGA-DD-AAVR-01Z-00-DX1,/data3/chensx/tcga_data/ea9db462-2994-4ff7-9313-a2213970749f/TCGA-DD-AAVR-01Z-00-DX1.76B3FF1D-314E-411E-9C53-42081B374255.svs
TCGA-2Y-A9H3-01Z-00-DX1,/data3/chensx/tcga_data/1ed44371-d5b8-45dc-8f0a-89dd4a063a0a/TCGA-2Y-A9H3-01Z-00-DX1.813C14D8-DBBC-43AF-9E3A-9EFC1D1AFC98.svs
TCGA-G3-AAV6-01Z-00-DX1,/data3/chensx/tcga_data/7cc34040-3ce7-48c5-8672-f12c0729b4f6/TCGA-G3-AAV6-01Z-00-DX1.F4D85E6A-7F71-47D4-BEB6-984FDD218A9F.svs
TCGA-XR-A8TC-01Z-00-DX1,/data3/chensx/tcga_data/8433e059-04fa-474e-8c6f-470bd79b8066/TCGA-XR-A8TC-01Z-00-DX1.A77897C4-B208-445E-968D-4EADE6D50BC4.svs
TCGA-WX-AA47-01Z-00-DX1,/data3/chensx/tcga_data/15622669-de98-457b-a120-f778f6973b51/TCGA-WX-AA47-01Z-00-DX1.C23C276D-76BE-4985-98F7-5B288C296137.svs
TCGA-BC-A10X-01Z-00-DX1,/data3/chensx/tcga_data/0a158e31-bb8f-4e17-add1-00fc056e1fdb/TCGA-BC-A10X-01Z-00-DX1.5F143963-21D2-4067-ABEB-08B2AC02EEB3.svs
TCGA-DD-AACX-01Z-00-DX1,/data3/chensx/tcga_data/bcae0c22-3ee5-4e3b-9f53-29c9c7d48a51/TCGA-DD-AACX-01Z-00-DX1.418C3B7A-3C64-4B3D-8ECA-0B6AF5D0E2CE.svs
TCGA-DD-A73G-01Z-00-DX3,/data3/chensx/tcga_data/267a2250-8342-4df3-9140-929558842c3b/TCGA-DD-A73G-01Z-00-DX3.4FB46D36-E67A-4F82-B468-D4AD35C0018C.svs
TCGA-DD-A73G-01Z-00-DX2,/data3/chensx/tcga_data/a0e88807-fdca-42b0-8b87-3a00b45f7f9e/TCGA-DD-A73G-01Z-00-DX2.66AD1B8B-5228-48D9-B77B-F4C4063B850D.svs
TCGA-DD-A73G-01Z-00-DX1,/data3/chensx/tcga_data/ac5ffd5c-441d-4440-ac3b-848ba82f1814/TCGA-DD-A73G-01Z-00-DX1.F5AB3B95-268C-44DA-9D42-7A7B5E1D8516.svs
TCGA-DD-A39W-01Z-00-DX1,/data3/chensx/tcga_data/8118e8e5-eade-48a1-94ad-1a11161cbce2/TCGA-DD-A39W-01Z-00-DX1.6AFE5FC4-A00C-4818-9963-3B3A08CA5D29.svs
TCGA-2Y-A9H0-01Z-00-DX1,/data3/chensx/tcga_data/1bc09020-2e46-4cec-a6ef-bc9412189391/TCGA-2Y-A9H0-01Z-00-DX1.E1725D1E-B135-47B3-820B-BEE1FC4EDCF0.svs
TCGA-2Y-A9H5-01Z-00-DX1,/data3/chensx/tcga_data/60ee612c-660b-4d20-ba27-31f8ba43717a/TCGA-2Y-A9H5-01Z-00-DX1.08348C3C-A16F-45F6-8AE9-D0613268D703.svs
TCGA-DD-AAED-01Z-00-DX1,/data3/chensx/tcga_data/05396ffd-ccaf-4f9c-b0df-64b63494e50b/TCGA-DD-AAED-01Z-00-DX1.397DEAF9-2DE5-402E-B0E8-7A01ADF460C7.svs
TCGA-DD-AADB-01Z-00-DX1,/data3/chensx/tcga_data/993a11cb-4728-44a8-9576-671de2eff9cb/TCGA-DD-AADB-01Z-00-DX1.F708320D-E595-4196-B133-E097E9C8FC80.svs
TCGA-HP-A5N0-01Z-00-DX1,/data3/chensx/tcga_data/720983e4-fdc7-4fe9-97f6-f7d5471cc639/TCGA-HP-A5N0-01Z-00-DX1.DD11B335-405C-4724-8F16-236CFCA37854.svs
TCGA-DD-A4NG-01Z-00-DX1,/data3/chensx/tcga_data/c42d2eab-5033-4076-a029-d831fe46e466/TCGA-DD-A4NG-01Z-00-DX1.820CDD76-6463-43A2-92E5-152BF4B5D7A2.svs
TCGA-BC-A10T-01Z-00-DX1,/data3/chensx/tcga_data/1c08a812-1066-4b50-b27e-689e3d640c02/TCGA-BC-A10T-01Z-00-DX1.2F634D24-C571-49E1-ACAE-B19F8AFF71D3.svs
TCGA-DD-AAE6-01Z-00-DX1,/data3/chensx/tcga_data/f9d94893-ff36-4d47-9337-1a1db94a9b13/TCGA-DD-AAE6-01Z-00-DX1.A8DE9B19-8C85-47AE-A32A-38AB6F696CE3.svs
TCGA-DD-AAVS-01Z-00-DX1,/data3/chensx/tcga_data/9c2bbf09-0008-4cf5-a535-74371359db37/TCGA-DD-AAVS-01Z-00-DX1.F0E46BAD-903A-4325-B761-BBD9BAA85815.svs
TCGA-DD-A11D-01Z-00-DX1,/data3/chensx/tcga_data/597a124f-b356-4807-86ee-18e997ce0b1f/TCGA-DD-A11D-01Z-00-DX1.3D607AE3-3910-406F-8EBA-3C1CDA0D34A6.svs
TCGA-DD-A11D-01Z-00-DX2,/data3/chensx/tcga_data/61b182b9-5bbb-4895-809b-df6df53d928e/TCGA-DD-A11D-01Z-00-DX2.9D235FF6-0C1E-4D89-AAAC-DCD6DD9772D1.svs
TCGA-DD-AAW2-01Z-00-DX1,/data3/chensx/tcga_data/024fd31e-c7e1-4321-a196-817b931dcff4/TCGA-DD-AAW2-01Z-00-DX1.D448A525-BFDC-4A20-BA05-C3A1B32A8158.svs
TCGA-XR-A8TG-01Z-00-DX1,/data3/chensx/tcga_data/a3d956bf-cb8b-4517-ba36-c788836aff22/TCGA-XR-A8TG-01Z-00-DX1.1A6A327A-0980-47DC-A725-E84099175677.svs
TCGA-DD-AAD1-01Z-00-DX1,/data3/chensx/tcga_data/e7d1c9c6-e145-4505-b8c7-9ad923058993/TCGA-DD-AAD1-01Z-00-DX1.819657B9-773A-4E85-9D8B-C9EB580FAD87.svs
TCGA-DD-AAD8-01Z-00-DX1,/data3/chensx/tcga_data/c18bc30f-8eb8-4ced-b142-2c92c75d4f70/TCGA-DD-AAD8-01Z-00-DX1.7D3A7FA8-A5FE-49C4-9C45-4F4775278937.svs
TCGA-DD-AAEE-01Z-00-DX1,/data3/chensx/tcga_data/cb9d834b-0373-4554-b8fb-49d13f5549d1/TCGA-DD-AAEE-01Z-00-DX1.7DB85E16-D3BE-4519-9B84-AA6C18172F96.svs
TCGA-2Y-A9H8-01Z-00-DX1,/data3/chensx/tcga_data/91cc84c8-214a-4401-a7f2-5c0c9b052584/TCGA-2Y-A9H8-01Z-00-DX1.1993AB53-D47B-4E15-BC97-B9E4B1F40A80.svs
TCGA-DD-AADC-01Z-00-DX1,/data3/chensx/tcga_data/d9e7ae64-953e-4440-bd7f-d07a53754927/TCGA-DD-AADC-01Z-00-DX1.6ABF7688-3709-4196-8AC4-9143E29CEBB8.svs
TCGA-DD-AAD6-01Z-00-DX1,/data3/chensx/tcga_data/037d44e8-b17e-4b90-a724-f68cce996413/TCGA-DD-AAD6-01Z-00-DX1.FC66F738-8A41-473A-91A2-3C541294E934.svs
TCGA-DD-AAW3-01Z-00-DX1,/data3/chensx/tcga_data/86056639-7545-44b8-8303-0bde91e28a57/TCGA-DD-AAW3-01Z-00-DX1.A1804EF9-E7AE-4D04-969F-DE0D2AC55916.svs
TCGA-XR-A8TD-01Z-00-DX1,/data3/chensx/tcga_data/8bfb8ff0-f436-4388-955d-05d866b03fa3/TCGA-XR-A8TD-01Z-00-DX1.997D38E5-0CD9-430B-8744-50ADEA71A8AF.svs
TCGA-DD-AACB-01Z-00-DX1,/data3/chensx/tcga_data/812216a4-c74f-4b9e-b842-39a5bd9809ea/TCGA-DD-AACB-01Z-00-DX1.D4A7846E-8B38-4FBA-BAB3-BDAF2EC84E9E.svs
TCGA-RC-A7SF-01Z-00-DX1,/data3/chensx/tcga_data/827a0d98-64fd-4539-9e52-0b8a2c070d52/TCGA-RC-A7SF-01Z-00-DX1.F37E60B9-A340-4758-BE3C-C4675F6F5671.svs
TCGA-2Y-A9H4-01Z-00-DX1,/data3/chensx/tcga_data/29fddd97-9148-44c3-bed0-d5ae36b37f74/TCGA-2Y-A9H4-01Z-00-DX1.897C9E71-7FD7-4229-9A95-F61AE43D0FDA.svs
TCGA-DD-AAVV-01Z-00-DX1,/data3/chensx/tcga_data/fc993eae-294c-4f4f-8771-fcf07e512ebd/TCGA-DD-AAVV-01Z-00-DX1.3D5D6344-3D03-4DCF-A82A-A03ECA4851DC.svs
TCGA-DD-AACJ-01Z-00-DX1,/data3/chensx/tcga_data/d31c8be2-ee73-4d8e-8772-a71fd8398745/TCGA-DD-AACJ-01Z-00-DX1.05506FD0-A106-4A19-929D-162BA04D172A.svs
TCGA-DD-AADI-01Z-00-DX1,/data3/chensx/tcga_data/b4119e72-9c93-4e06-bdf7-29c14d9f042e/TCGA-DD-AADI-01Z-00-DX1.99CC6437-F10A-4C90-BDCE-7CE200A4275F.svs
TCGA-2Y-A9GS-01Z-00-DX1,/data3/chensx/tcga_data/92520a43-da27-4efb-850f-6b4b2c51da4e/TCGA-2Y-A9GS-01Z-00-DX1.75C5CEF1-6C8B-42FF-82F6-9A05621E9A80.svs
TCGA-UB-AA0U-01Z-00-DX1,/data3/chensx/tcga_data/0ba0722d-aa92-4e50-928e-faf2978b5c5d/TCGA-UB-AA0U-01Z-00-DX1.FB596ABD-A3B0-4EC8-B154-D751C7BFE0CE.svs
TCGA-DD-A113-01Z-00-DX2,/data3/chensx/tcga_data/ec4c090e-4aa0-4643-97e1-c99b0a8a5e27/TCGA-DD-A113-01Z-00-DX2.E4CE9495-B15C-41B8-862A-C30383CCD3A6.svs
TCGA-DD-AAD0-01Z-00-DX1,/data3/chensx/tcga_data/0d570ae5-1681-46a6-91c7-b4e2d6d01b36/TCGA-DD-AAD0-01Z-00-DX1.75FBED13-0A98-4CEB-823A-CF6154923F4E.svs
TCGA-DD-AACN-01Z-00-DX1,/data3/chensx/tcga_data/6ffd28f8-f36a-495d-90d4-af00797d505e/TCGA-DD-AACN-01Z-00-DX1.A52D7AD1-DBEE-4AD7-8965-6ABCD224A643.svs
TCGA-DD-A1ED-01Z-00-DX1,/data3/chensx/tcga_data/c845bd57-7f7e-480b-91ed-8afcca52fcff/TCGA-DD-A1ED-01Z-00-DX1.FE33AE44-0E41-41D9-91DE-6B24394C7AF8.svs
TCGA-DD-AAW0-01Z-00-DX1,/data3/chensx/tcga_data/f4bcdab7-bee7-495a-8548-54fe80e83bd2/TCGA-DD-AAW0-01Z-00-DX1.6609C7DD-A1C1-401A-88C7-4C0FDADC11EE.svs
TCGA-DD-AACH-01Z-00-DX1,/data3/chensx/tcga_data/bebd0bba-aa7a-44c3-b2e2-3c730a1fb2fd/TCGA-DD-AACH-01Z-00-DX1.55784A4D-D313-4E1D-8BB4-C149361B8108.svs
TCGA-G3-A7M6-01Z-00-DX1,/data3/chensx/tcga_data/0bff0e0b-16cd-430f-aac9-d35ecac52927/TCGA-G3-A7M6-01Z-00-DX1.550E0F12-BF91-45B1-9FD7-1FEB1F9E9A12.svs
TCGA-DD-A3A2-01Z-00-DX1,/data3/chensx/tcga_data/c676a39c-97d7-492c-a448-9013f5eeffc6/TCGA-DD-A3A2-01Z-00-DX1.19C972E3-0FE2-4E70-98FD-8B35FA3E1B19.svs
TCGA-DD-A4NK-01Z-00-DX1,/data3/chensx/tcga_data/261c5f23-173e-4fd3-857e-f183eee2db8b/TCGA-DD-A4NK-01Z-00-DX1.4FC242C7-5026-4400-8D8D-7BE954A6DE1E.svs
TCGA-2Y-A9GY-01Z-00-DX1,/data3/chensx/tcga_data/948eb352-66cf-44f4-9922-661959596104/TCGA-2Y-A9GY-01Z-00-DX1.9AF8DAB8-B99C-4484-A065-20E7345E1FF4.svs
TCGA-DD-AAEK-01Z-00-DX1,/data3/chensx/tcga_data/eaaae95a-0275-478e-9c90-8252c5ac0b64/TCGA-DD-AAEK-01Z-00-DX1.EE268947-C582-475F-9639-E8420E61827A.svs
TCGA-UB-A7MF-01Z-00-DX1,/data3/chensx/tcga_data/43a80057-afcb-4ccd-812d-1c5e9b3cd6f8/TCGA-UB-A7MF-01Z-00-DX1.BED80F46-51CB-4453-B094-DA6B812D1A1A.svs
TCGA-DD-A1EK-01Z-00-DX1,/data3/chensx/tcga_data/fd6f00fe-6b4a-484b-be0c-3428f20ad43e/TCGA-DD-A1EK-01Z-00-DX1.676881B7-C16A-4097-9859-97B0340A64D1.svs
TCGA-DD-A3A0-01Z-00-DX1,/data3/chensx/tcga_data/82ee7133-c6a4-40a5-8453-0ae60be224e8/TCGA-DD-A3A0-01Z-00-DX1.F5B93743-1D58-483C-9EF4-6F3FE06D0A0C.svs
TCGA-UB-A7MB-01Z-00-DX1,/data3/chensx/tcga_data/6a2fa3d3-817b-4d02-b928-5a4d2f7c6aa4/TCGA-UB-A7MB-01Z-00-DX1.974C60BF-CDDF-4F34-8056-385A1E352628.svs
TCGA-DD-A4NL-01Z-00-DX1,/data3/chensx/tcga_data/2d4daf55-701f-468c-b779-1afb346b5305/TCGA-DD-A4NL-01Z-00-DX1.70001978-79E2-4831-A2D4-DF666BBE1B09.svs
TCGA-MI-A75H-01Z-00-DX1,/data3/chensx/tcga_data/147f7b06-e40c-4612-83e1-43aa9de859e3/TCGA-MI-A75H-01Z-00-DX1.D5B04DB6-17F2-4F57-95DC-8CF944F44C31.svs
TCGA-DD-AAVX-01Z-00-DX1,/data3/chensx/tcga_data/dcdc8b00-0afd-49fc-86ee-18eac78c399d/TCGA-DD-AAVX-01Z-00-DX1.65F60D67-0C1B-4192-BDB7-11B8383C190A.svs
TCGA-DD-AADD-01Z-00-DX1,/data3/chensx/tcga_data/7aef8233-e797-48be-92f2-0d4cd89df9bf/TCGA-DD-AADD-01Z-00-DX1.CE7194E0-40B5-4377-A682-A7060E4D41F3.svs
TCGA-DD-AACG-01Z-00-DX1,/data3/chensx/tcga_data/c6e6d99a-0dfb-4da6-b2a4-f03e1940bc3a/TCGA-DD-AACG-01Z-00-DX1.7B625854-0DEF-4CD1-9D01-EE685671DE84.svs
TCGA-ED-A66X-01Z-00-DX1,/data3/chensx/tcga_data/bc3322bd-afeb-4644-81c4-b67a38aea369/TCGA-ED-A66X-01Z-00-DX1.281B3FB5-0088-4D8C-9CC2-4F59F21DA6A6.svs
TCGA-DD-AAE8-01Z-00-DX1,/data3/chensx/tcga_data/d722dfb3-bbf4-47c6-895c-465544f3d846/TCGA-DD-AAE8-01Z-00-DX1.DCE3C7FD-476E-4A14-8B9B-F456DE9A3A10.svs
TCGA-DD-A4NN-01Z-00-DX1,/data3/chensx/tcga_data/1177da91-7f96-44ff-bc9f-993e71033c0e/TCGA-DD-A4NN-01Z-00-DX1.B73D4671-5413-478E-951D-731EBC75659F.svs
TCGA-G3-A25U-01Z-00-DX1,/data3/chensx/tcga_data/b38c9c20-4303-4cbd-b712-868b84cd917c/TCGA-G3-A25U-01Z-00-DX1.58E9FA46-A94E-4DD6-8F36-DC893DD8BB80.svs
TCGA-YA-A8S7-01Z-00-DX1,/data3/chensx/tcga_data/269748fe-9f1a-4781-b441-bfbbf22e671e/TCGA-YA-A8S7-01Z-00-DX1.D10024DC-8C08-405A-830D-59D7B063E991.svs
TCGA-DD-A4NE-01Z-00-DX1,/data3/chensx/tcga_data/74e2a517-c3ec-469c-96c4-a652e43c4225/TCGA-DD-A4NE-01Z-00-DX1.9BF7F661-E703-4A85-88F2-D6631E9746FE.svs
TCGA-DD-A4NQ-01Z-00-DX1,/data3/chensx/tcga_data/e4af87a3-8661-4fcf-bfbc-7d7b46d83460/TCGA-DD-A4NQ-01Z-00-DX1.1D6755EB-58D5-4AA1-ADF4-1EC52B2B3337.svs
TCGA-DD-A4ND-01Z-00-DX1,/data3/chensx/tcga_data/55807610-a8ac-4333-b893-c74c2b59d973/TCGA-DD-A4ND-01Z-00-DX1.55D61F34-B93A-4555-8348-3EDD40B01066.svs
TCGA-DD-AAE4-01Z-00-DX1,/data3/chensx/tcga_data/cd6e9a04-c3ae-4084-926d-d950dd1366f5/TCGA-DD-AAE4-01Z-00-DX1.DA4A7BC0-918E-4AD0-BA2D-9190B98D6DF5.svs
TCGA-DD-AACZ-01Z-00-DX1,/data3/chensx/tcga_data/95fdc52c-6809-45f2-a254-f0ffb8eb4fe4/TCGA-DD-AACZ-01Z-00-DX1.A4694008-C87C-458A-A680-AEF131BFB44A.svs
TCGA-2Y-A9H2-01Z-00-DX1,/data3/chensx/tcga_data/7971204c-77ab-4fd2-967c-237325246562/TCGA-2Y-A9H2-01Z-00-DX1.D1B4968D-8AAD-4F12-8447-6FC752E8DDE4.svs
TCGA-DD-A3A5-01Z-00-DX1,/data3/chensx/tcga_data/7de15398-9ca2-4e4d-aadd-81c340329114/TCGA-DD-A3A5-01Z-00-DX1.F0D4C0AA-30C3-4954-9367-A63D9E68D2C9.svs
