patient_id,slide_id,split
TCGA-2Y-A9H9,TCGA-2Y-A9H9-01Z-00-DX1,val
TCGA-BC-A8YO,TCGA-BC-A8YO-01Z-00-DX1,train
TCGA-BC-A10S,TCGA-BC-A10S-01Z-00-DX1,test
TCGA-DD-AACW,TCGA-DD-AACW-01Z-00-DX1,train
TCGA-DD-AACS,TCGA-DD-AACS-01Z-00-DX1,val
TCGA-DD-AADG,TCGA-DD-AADG-01Z-00-DX1,train
TCGA-NI-A4U2,TCGA-NI-A4U2-01Z-00-DX1,train
TCGA-DD-A4NA,TCGA-DD-A4NA-01Z-00-DX1,train
TCGA-DD-AAVY,TCGA-DD-AAVY-01Z-00-DX1,val
TCGA-DD-A1EH,TCGA-DD-A1EH-01Z-00-DX1,train
TCGA-G3-AAV1,TCGA-G3-AAV1-01Z-00-DX1,train
TCGA-FV-A4ZP,TCGA-FV-A4ZP-01Z-00-DX1,val
TCGA-2Y-A9GU,TCGA-2Y-A9GU-01Z-00-DX1,train
TCGA-DD-AADK,TCGA-DD-AADK-01Z-00-DX1,train
TCGA-DD-AAD3,TCGA-DD-AAD3-01Z-00-DX1,test
TCGA-DD-A114,TCGA-DD-A114-01Z-00-DX1,train
TCGA-DD-AACC,TCGA-DD-AACC-01Z-00-DX1,train
TCGA-K7-A5RF,TCGA-K7-A5RF-01Z-00-DX1,test
TCGA-FV-A23B,TCGA-FV-A23B-01Z-00-DX1,train
TCGA-RG-A7D4,TCGA-RG-A7D4-01Z-00-DX1,test
TCGA-DD-AADE,TCGA-DD-AADE-01Z-00-DX1,test
TCGA-2Y-A9H1,TCGA-2Y-A9H1-01Z-00-DX1,train
TCGA-MI-A75I,TCGA-MI-A75I-01Z-00-DX1,train
TCGA-DD-A3A6,TCGA-DD-A3A6-01Z-00-DX1,train
TCGA-UB-A7MA,TCGA-UB-A7MA-01Z-00-DX1,train
TCGA-ZP-A9CY,TCGA-ZP-A9CY-01Z-00-DX1,train
TCGA-XR-A8TE,TCGA-XR-A8TE-01Z-00-DX1,train
TCGA-DD-A39X,TCGA-DD-A39X-01Z-00-DX1,train
TCGA-DD-A4NV,TCGA-DD-A4NV-01Z-00-DX1,train
TCGA-ZS-A9CD,TCGA-ZS-A9CD-01Z-00-DX1,train
TCGA-DD-AAVZ,TCGA-DD-AAVZ-01Z-00-DX1,test
TCGA-DD-A39X,TCGA-DD-A39X-01Z-00-DX2,train
TCGA-DD-AADA,TCGA-DD-AADA-01Z-00-DX1,train
TCGA-BC-A10U,TCGA-BC-A10U-01Z-00-DX1,test
TCGA-DD-AACO,TCGA-DD-AACO-01Z-00-DX1,train
TCGA-G3-A25X,TCGA-G3-A25X-01Z-00-DX1,val
TCGA-DD-A1EB,TCGA-DD-A1EB-01Z-00-DX1,test
TCGA-BC-A110,TCGA-BC-A110-01Z-00-DX1,train
TCGA-ZP-A9D2,TCGA-ZP-A9D2-01Z-00-DX1,train
TCGA-DD-AACT,TCGA-DD-AACT-01Z-00-DX1,train
TCGA-G3-A25T,TCGA-G3-A25T-01Z-00-DX1,train
TCGA-DD-AAD5,TCGA-DD-AAD5-01Z-00-DX1,train
TCGA-DD-AAW1,TCGA-DD-AAW1-01Z-00-DX1,train
TCGA-RC-A7SH,TCGA-RC-A7SH-01Z-00-DX1,test
TCGA-G3-A5SJ,TCGA-G3-A5SJ-01Z-00-DX1,train
TCGA-DD-AAEI,TCGA-DD-AAEI-01Z-00-DX1,train
TCGA-DD-A4NH,TCGA-DD-A4NH-01Z-00-DX1,train
TCGA-DD-A3A9,TCGA-DD-A3A9-01Z-00-DX1,train
TCGA-DD-A115,TCGA-DD-A115-01Z-00-DX1,test
TCGA-DD-A73B,TCGA-DD-A73B-01Z-00-DX1,train
TCGA-WX-AA44,TCGA-WX-AA44-01Z-00-DX1,test
TCGA-BW-A5NP,TCGA-BW-A5NP-01Z-00-DX1,train
TCGA-DD-A73F,TCGA-DD-A73F-01Z-00-DX1,val
TCGA-DD-AACV,TCGA-DD-AACV-01Z-00-DX1,train
TCGA-4R-AA8I,TCGA-4R-AA8I-01Z-00-DX1,train
TCGA-DD-AACU,TCGA-DD-AACU-01Z-00-DX1,val
TCGA-DD-A116,TCGA-DD-A116-01Z-00-DX1,val
TCGA-RC-A7SK,TCGA-RC-A7SK-01Z-00-DX1,train
TCGA-DD-A113,TCGA-DD-A113-01Z-00-DX1,train
TCGA-2Y-A9GZ,TCGA-2Y-A9GZ-01Z-00-DX1,train
TCGA-DD-AACQ,TCGA-DD-AACQ-01Z-00-DX1,val
TCGA-G3-A5SI,TCGA-G3-A5SI-01Z-00-DX1,test
TCGA-DD-AAVW,TCGA-DD-AAVW-01Z-00-DX1,val
TCGA-XR-A8TF,TCGA-XR-A8TF-01Z-00-DX1,train
TCGA-K7-AAU7,TCGA-K7-AAU7-01Z-00-DX1,train
TCGA-BC-A10Q,TCGA-BC-A10Q-01Z-00-DX1,train
TCGA-DD-AACD,TCGA-DD-AACD-01Z-00-DX1,train
TCGA-DD-A1EJ,TCGA-DD-A1EJ-01Z-00-DX1,train
TCGA-BC-A216,TCGA-BC-A216-01Z-00-DX1,train
TCGA-DD-A73B,TCGA-DD-A73B-01Z-00-DX2,train
TCGA-BC-4072,TCGA-BC-4072-01Z-00-DX1,train
TCGA-DD-A3A7,TCGA-DD-A3A7-01Z-00-DX1,test
TCGA-DD-AACF,TCGA-DD-AACF-01Z-00-DX1,test
TCGA-ZS-A9CF,TCGA-ZS-A9CF-01Z-00-DX1,train
TCGA-DD-A1EA,TCGA-DD-A1EA-01Z-00-DX1,train
TCGA-DD-A1E9,TCGA-DD-A1E9-01Z-00-DX1,train
TCGA-DD-AAVR,TCGA-DD-AAVR-01Z-00-DX1,train
TCGA-2Y-A9H3,TCGA-2Y-A9H3-01Z-00-DX1,train
TCGA-G3-AAV6,TCGA-G3-AAV6-01Z-00-DX1,train
TCGA-XR-A8TC,TCGA-XR-A8TC-01Z-00-DX1,train
TCGA-WX-AA47,TCGA-WX-AA47-01Z-00-DX1,train
TCGA-BC-A10X,TCGA-BC-A10X-01Z-00-DX1,test
TCGA-DD-AACX,TCGA-DD-AACX-01Z-00-DX1,train
TCGA-DD-A73G,TCGA-DD-A73G-01Z-00-DX3,train
TCGA-DD-A73G,TCGA-DD-A73G-01Z-00-DX2,train
TCGA-DD-A73G,TCGA-DD-A73G-01Z-00-DX1,train
TCGA-DD-A39W,TCGA-DD-A39W-01Z-00-DX1,test
TCGA-2Y-A9H0,TCGA-2Y-A9H0-01Z-00-DX1,test
TCGA-2Y-A9H5,TCGA-2Y-A9H5-01Z-00-DX1,val
TCGA-DD-AAED,TCGA-DD-AAED-01Z-00-DX1,train
TCGA-DD-AADB,TCGA-DD-AADB-01Z-00-DX1,train
TCGA-HP-A5N0,TCGA-HP-A5N0-01Z-00-DX1,val
TCGA-DD-A4NG,TCGA-DD-A4NG-01Z-00-DX1,train
TCGA-BC-A10T,TCGA-BC-A10T-01Z-00-DX1,train
TCGA-DD-AAE6,TCGA-DD-AAE6-01Z-00-DX1,train
TCGA-DD-AAVS,TCGA-DD-AAVS-01Z-00-DX1,train
TCGA-DD-A11D,TCGA-DD-A11D-01Z-00-DX1,train
TCGA-DD-A11D,TCGA-DD-A11D-01Z-00-DX2,train
TCGA-DD-AAW2,TCGA-DD-AAW2-01Z-00-DX1,train
TCGA-XR-A8TG,TCGA-XR-A8TG-01Z-00-DX1,train
TCGA-DD-AAD1,TCGA-DD-AAD1-01Z-00-DX1,train
TCGA-DD-AAD8,TCGA-DD-AAD8-01Z-00-DX1,train
TCGA-DD-AAEE,TCGA-DD-AAEE-01Z-00-DX1,train
TCGA-2Y-A9H8,TCGA-2Y-A9H8-01Z-00-DX1,val
TCGA-DD-AADC,TCGA-DD-AADC-01Z-00-DX1,train
TCGA-DD-AAD6,TCGA-DD-AAD6-01Z-00-DX1,test
TCGA-DD-AAW3,TCGA-DD-AAW3-01Z-00-DX1,train
TCGA-XR-A8TD,TCGA-XR-A8TD-01Z-00-DX1,val
TCGA-DD-AACB,TCGA-DD-AACB-01Z-00-DX1,train
TCGA-RC-A7SF,TCGA-RC-A7SF-01Z-00-DX1,val
TCGA-2Y-A9H4,TCGA-2Y-A9H4-01Z-00-DX1,train
TCGA-DD-AAVV,TCGA-DD-AAVV-01Z-00-DX1,test
TCGA-DD-AACJ,TCGA-DD-AACJ-01Z-00-DX1,train
TCGA-DD-AADI,TCGA-DD-AADI-01Z-00-DX1,train
TCGA-2Y-A9GS,TCGA-2Y-A9GS-01Z-00-DX1,val
TCGA-UB-AA0U,TCGA-UB-AA0U-01Z-00-DX1,train
TCGA-DD-A113,TCGA-DD-A113-01Z-00-DX2,train
TCGA-DD-AAD0,TCGA-DD-AAD0-01Z-00-DX1,train
TCGA-DD-AACN,TCGA-DD-AACN-01Z-00-DX1,train
TCGA-DD-A1ED,TCGA-DD-A1ED-01Z-00-DX1,train
TCGA-DD-AAW0,TCGA-DD-AAW0-01Z-00-DX1,train
TCGA-DD-AACH,TCGA-DD-AACH-01Z-00-DX1,train
TCGA-G3-A7M6,TCGA-G3-A7M6-01Z-00-DX1,val
TCGA-DD-A3A2,TCGA-DD-A3A2-01Z-00-DX1,train
TCGA-DD-A4NK,TCGA-DD-A4NK-01Z-00-DX1,train
TCGA-2Y-A9GY,TCGA-2Y-A9GY-01Z-00-DX1,train
TCGA-DD-AAEK,TCGA-DD-AAEK-01Z-00-DX1,val
TCGA-UB-A7MF,TCGA-UB-A7MF-01Z-00-DX1,train
TCGA-DD-A1EK,TCGA-DD-A1EK-01Z-00-DX1,train
TCGA-DD-A3A0,TCGA-DD-A3A0-01Z-00-DX1,train
TCGA-UB-A7MB,TCGA-UB-A7MB-01Z-00-DX1,train
TCGA-DD-A4NL,TCGA-DD-A4NL-01Z-00-DX1,train
TCGA-MI-A75H,TCGA-MI-A75H-01Z-00-DX1,train
TCGA-DD-AAVX,TCGA-DD-AAVX-01Z-00-DX1,train
TCGA-DD-AADD,TCGA-DD-AADD-01Z-00-DX1,train
TCGA-DD-AACG,TCGA-DD-AACG-01Z-00-DX1,train
TCGA-ED-A66X,TCGA-ED-A66X-01Z-00-DX1,train
TCGA-DD-AAE8,TCGA-DD-AAE8-01Z-00-DX1,train
TCGA-DD-A4NN,TCGA-DD-A4NN-01Z-00-DX1,test
TCGA-G3-A25U,TCGA-G3-A25U-01Z-00-DX1,test
TCGA-YA-A8S7,TCGA-YA-A8S7-01Z-00-DX1,val
TCGA-DD-A4NE,TCGA-DD-A4NE-01Z-00-DX1,train
TCGA-DD-A4NQ,TCGA-DD-A4NQ-01Z-00-DX1,train
TCGA-DD-A4ND,TCGA-DD-A4ND-01Z-00-DX1,test
TCGA-DD-AAE4,TCGA-DD-AAE4-01Z-00-DX1,train
TCGA-DD-AACZ,TCGA-DD-AACZ-01Z-00-DX1,val
TCGA-2Y-A9H2,TCGA-2Y-A9H2-01Z-00-DX1,train
TCGA-DD-A3A5,TCGA-DD-A3A5-01Z-00-DX1,train
